{
    "id": 1496912601997062148,
    "author_id": 1481371829046587394,
    "content": "Continuing the ukraine footage thread #ukraine #UkraineInvasion #UkraineWar https://t.co/y4uCtjghCe",
    "language": "en",
    "source": "Twitter for Android",
    "retweet_count": 0,
    "reply_count": 1,
    "like_count": 1,
    "quote_count": 0,
    "possibly_sensitive": false,
    "created_at": "2022-02-24T18:19:10+01:00",
    "hashtags": [
        "ukraine",
        "UkraineInvasion",
        "UkraineWar"
    ],
    "links": [
        {
            "url": "https://twitter.com/mr_mercury__/status/1496912601997062148/video/1",
            "title": null,
            "description": null
        }
    ],
    "annotations": [
        {
            "type": "Place",
            "value": "ukraine",
            "probability": 0.777
        }
    ],
    "context_annotations": [
        {
            "domain": {
                "name": "Ongoing News Story",
                "description": "Ongoing News Stories like 'Brexit'"
            },
            "entity": {
                "name": "Russo-Ukrainian conflict",
                "description": null
            }
        },
        {
            "domain": {
                "name": "Ongoing News Story",
                "description": "Ongoing News Stories like 'Brexit'"
            },
            "entity": {
                "name": "Russo-Ukrainian conflict",
                "description": null
            }
        }
    ],
    "conversation_references": [
        {
            "parent_id": 1496912155098103800,
            "type": "replied_to"
        }
    ]
}

{
    "id": 1481371829046587394,
    "name": "rene",
    "username": "mr_mercury__",
    "description": "I'm a funny guy",
    "tweet_count": 112,
    "listed_count": 3,
    "followers_count": 53,
    "following_count": 18
},
